Компания,Категория (что продаём),Сайт,Телефон,E-mail,Город
1С:Фитнес клуб,CRM/ПО для клубов,https://fitness1c.ru,+7 (495) 927-69-01,hello@1c.fitness,Москва/МО
FitBase,CRM/ПО для клубов,https://fitbase.io,+7 (495) 740-84-49 ; +7 (895) 898-76-90 ; +7 (643) 665-37-32,info@fitbase.io,Москва/МО
Helix Group,CRM/ПО для клубов,https://helix-group.ru,+7 (495) 089-57-53,info@helix-group.ru ; support@helix-group.ru,Москва/МО
Mobifitness,CRM/ПО для клубов,https://mobifitness.ru,+7 (495) 989-11-51 ; +7 (495) 324-79-12 ; +7 (495) 324-79-13,hello@mobifitness.ru ; s@mobifitness.ru,Москва/МО
4Бит (1С),"CRM/ПО, касса",https://4bit.ru,+7 (495) 208-47-47 ; +7 (926) 241-74-04,info@4bit.ru,Москва/МО
Beautec (i-Motion),EMS-оборудование,https://beautec.ru,+7 (921) 900-29-75 ; +7 (356) 665-35-35 ; +7 (812) 437-19-32,mail@beautec.ru,Москва/МО
VIP имидж,EMS-оборудование,https://vipim.ru,+7 (495) 127-01-72,sale@vipim.ru,Москва/МО
Vilmed (ЭСМА),EMS-оборудование,https://vilmed.ru,+7 (499) 113-02-79 ; +7 (662) 360-10-51,info@vilmed.ru,Москва/МО
i-Motion EMS,EMS-оборудование,https://emskostum.ru,+7 (965) 069-09-59,,Москва/МО
ЭСМА,EMS-оборудование,https://esma.ru,+7 (800) 555-19-92 ; +7 (921) 969-23-45 ; +7 (701) 387-50-01,esmaolga@gmail.com ; Esmaolga@gmail.com,Москва/МО
Old Point,SPA/массажное оборудование,https://oldpoint.ru,+7 (977) 600-01-55 ; +7 (985) 600-01-55,info@oldpoint.ru,Москва/МО
Гелиокс,SPA/массажное оборудование,https://heliox.ru,+7 (495) 211-41-41 ; +7 (985) 411-39-32,zakaz@heliox.ru ; sale@heliox.ru,Москва/МО
Евро-Спорт,SPA/массажное оборудование,https://evro-sport.ru,+7 (495) 660-54-03 ; +7 (977) 917-01-06,reg@evro-sport.ru,Москва/МО
Мед-Мос,SPA/массажное оборудование,https://med-mos.ru,+7 (499) 110-50-64 ; +7 (495) 532-50-15 ; +7 (812) 502-10-27,info@med-mos.ru,Москва/МО
Beauty Technology,SPA/салонное оборудование,https://medispatechnology.ru,+7 (495) 741-75-04 ; +7 (414) 825-33-26 ; +7 (434) 583-14-38,shop@medispatechnology.ru,Москва/МО
Аквабас,Бассейны: оборудование/химия,https://shop.aquabas.ru,+7 (495) 648-64-12 ; +7 (962) 972-72-53,info@aquabas.ru,Москва/МО
Бассейн.ру,Бассейны: оборудование/химия,https://basseyn.ru,+7 (253) 107-25-55 ; +7 (495) 142-25-01 ; +7 (977) 302-00-01,info@basseyn.ru,Москва/МО
ПулМаркет,Бассейны: оборудование/химия,https://poolmarket.ru,+7 (495) 215-02-50 ; +7 (800) 200-20-85 ; +7 (260) 025-90-00,info@poolmarket.ru,Москва/МО
ТД ЭКТИС,Бассейны: оборудование/химия,https://ectes-td.ru,+7 (495) 241-33-75,info@ectes-td.ru,Москва/МО
ALFAFIT,Бокс/единоборства (оборудование),https://alfafit.ru,+7 (495) 984-89-93,client@alfafit.ru,Москва/МО
FILIPPOV DYNASTY,Бокс/единоборства (оборудование),https://filippov-dynasty.ru,+7 (495) 085-02-05 ; +7 (495) 085-05-51,sales@filippov-dynasty.ru ; ivan.ivanov@gmail.com,Москва/МО
Fighttech,Бокс/единоборства (оборудование),https://fighttech.ru,+7 (968) 753-10-59 ; +7 (987) 963-69-54 ; +7 (800) 250-56-92,info@fighttech.ru,Москва/МО
TOTALBOX,Бокс/единоборства (оборудование),https://totalbox.pro,+7 (737) 642-12-21 ; +7 (800) 350-20-07 ; +7 (848) 270-88-44,info@totalbox.pro ; office@totalbox.pro,Москва/МО
Slamix (Euromat),Бокс/единоборства (ринги),https://slamix.ru,+7 (643) 408-20-09 ; +7 (980) 756-00-55 ; +7 (800) 301-05-88,sales@euromatsport.ru ; info@euromatsport.ru,Москва/МО
Rem Vend,Вендинг,https://remvend.ru,+7 (499) 719-09-59 ; +7 (967) 161-19-83 ; +7 (916) 805-73-78,info@remvend.ru,Москва/МО
VendLiga,Вендинг,https://vendliga.ru,+7 (150) 212-52-20 ; +7 (551) 688-05-98 ; +7 (551) 859-87-66,sales@vendliga.ru ; sales@vendmarkt.ru,Москва/МО
Мир Вендинга (TCN),Вендинг,https://tcn.ru,+7 (800) 707-56-60,zakaz@tcn.ru,Москва/МО
QuickUp,Вендинг (спортпит),https://quickup.ru,+7 (921) 425-45-40,sale@quickup.ru ; example@mail.com,Москва/МО
Double Black,Вендинг/снеки/вода,https://dblack.ru,+7 (495) 989-15-12,office@dblack.ru,Москва/МО
MAX Clean Room,Вентиляция/климат,https://maxpv.ru,+7 (499) 113-52-32,info@maxpv.ru,Москва/МО
ИНТЕХ,Вентиляция/климат,https://air-ventilation.ru,+7 (495) 146-67-66,mail@air-ventilation.ru,Москва/МО
Империя Климата,Вентиляция/климат,https://vrf-mrv.ru,+7 (499) 702-68-18 ; +7 (716) 323-48-33,inbox@vrf-mrv.ru,Москва/МО
МирВент,Вентиляция/климат,https://mir-vent.ru,+7 (800) 456-03-90 ; +7 (495) 501-90-77 ; +7 (800) 555-03-90,info@mir-vent.ru,Москва/МО
Технологии Микроклимата,Вентиляция/климат,https://climate-technology.ru,+7 (495) 921-57-03,info@climate-technology.ru ; 9215703@mail.ru,Москва/МО
WW Кулеры,Вода/кулеры/пурифайеры,https://wwkulery.ru,+7 (495) 232-52-62 ; +7 (495) 240-52-62 ; +7 (914) 617-62-66,ecomaster@ekodar.ru,Москва/МО
Московские фильтры,Вода/кулеры/пурифайеры,https://mosfilters.ru,+7 (800) 333-12-73 ; +7 (495) 120-11-03,info@mosfilters.ru,Москва/МО
Экодар,Вода/кулеры/пурифайеры,https://ekodar.ru,+7 (495) 232-52-62,ekodar@ekodar.ru,Москва/МО
NAYADA Glass,Зеркала для залов,https://nayada-glass.ru,+7 (495) 745-09-46,,Москва/МО
Tanita-shop,Зеркала для залов,https://tanita-shop.ru,+7 (495) 504-51-00,,Москва/МО
АБС,Зеркала для залов,https://abs-steklo.ru,+7 (499) 995-17-75 ; +7 (925) 590-94-06 ; +7 (499) 164-56-49,abs-steklo@yandex.ru ; Abs-steklo@yandex.ru,Москва/МО
ГлавСтекло,Зеркала для залов,https://glavglass.ru,+7 (495) 989-87-09 ; +7 (926) 737-54-56,5094809@mail.ru,Москва/МО
Европейские стекольные технологии,Зеркала для залов,https://eurogt.ru,+7 (495) 960-03-74,zakaz@eurogt.ru,Москва/МО
Касса 77,Кассы/эквайринг,https://kassa77.ru,+7 (495) 120-44-12 ; +7 (925) 728-29-28,sale@kassa77.ru,Москва/МО
Онлайн-касса.ru,Кассы/эквайринг,https://online-kassa.ru,+7 (800) 500-25-91 ; +7 (800) 550-54-67 ; +7 (800) 550-78-61,info@online-kassa.ru,Москва/МО
БруКлин Групп,Клининг,https://brooclean.ru,+7 (499) 550-25-20 ; +7 (926) 666-00-26,info@brooclean.ru,Москва/МО
Гармония Чистоты,Клининг,https://harmony-clean.ru,+7 (499) 432-22-99 ; +7 (774) 641-17-75,,Москва/МО
Гаусс-сервис,Клининг,https://gauss-service.ru,+7 (643) 837-38-65 ; +7 (495) 818-65-58 ; +7 (198) 993-79-29,info@gauss-service.ru,Москва/МО
Легис Клининг,Клининг,https://legis-cleaning.ru,+7 (499) 702-54-94 ; +7 (499) 113-61-92,info@legis-s.ru ; cleaning@legis-s.ru,Москва/МО
ЭкспертЧистоты,Клининг,https://qlean-m.ru,+7 (495) 431-02-29,info@qlean-m.ru,Москва/МО
Sports-Tech,Кроссфит/функц. тренинг,https://sports-tech.ru,+7 (251) 701-38-32 ; +7 (628) 009-20-81 ; +7 (499) 350-31-05,info@sports-tech.ru ; info@sportstech.ru,Москва/МО
YOUSTEEL,Кроссфит/функц. тренинг,https://yousteel.ru,+7 (800) 500-13-71 ; +7 (495) 374-52-74,order@yousteel.ru,Москва/МО
Трамплин-Спорт,Кроссфит/функц. тренинг,https://tramplinsport.ru,+7 (903) 723-26-86 ; +7 (495) 723-26-86 ; +7 (800) 302-87-60,info@tramplinsport.ru,Москва/МО
Форма-Спорта,Кроссфит/функц. тренинг,https://forma-sporta.com,+7 (495) 127-78-91,info@forma-sporta.com,Москва/МО
56PX,Маркетинг/SMM,https://56px.ru,+7 (146) 934-33-62 ; +7 (146) 934-66-87 ; +7 (146) 935-88-04,marketing@56px.ru,Москва/МО
Magnetic agency,Маркетинг/SMM для фитнеса,https://magneticagency.ru,+7 (943) 089-43-09 ; +7 (495) 297-80-57,,Москва/МО
REOVAX,Маркетинг/SMM для фитнеса,https://reovax.ru,+7 (927) 882-04-80 ; +7 (278) 463-99-44,info@reovax.ru,Москва/МО
Агентство фитнес-маркетинга,Маркетинг/SMM для фитнеса,https://fitness-marketing.ru,+7 (633) 236-39-64 ; +7 (623) 266-33-31 ; +7 (928) 627-59-00,i@fitness-marketing.ru ; e@fitness-marketing.ru,Москва/МО
NOVA FIT CONSULTING,Маркетинг/консалтинг,https://novafitconsulting.ru,+7 (231) 449-80-62 ; +7 (495) 120-37-17,novafitconsulting@yandex.ru,Москва/МО
Евромат,Маты/татами/ковры,https://euro-mat.ru,+7 (495) 777-10-25 ; +7 (800) 777-54-37 ; +7 (812) 200-96-31,info@euro-mat.ru,Москва/МО
ОКТАКЕМ,Маты/татами/ковры,https://oktakem.ru,+7 (800) 250-56-83 ; +7 (498) 744-67-62 ; +7 (495) 408-61-24,market@oktakem.ru,Москва/МО
TechenGroup,Напольные покрытия,https://techengroup.ru,+7 (495) 256-08-05 ; +7 (932) 698-91-36 ; +7 (800) 775-84-64,zakaz@techengroup.ru,Москва/МО
Олимпик Филд,Напольные покрытия,https://olympic-field.ru,+7 (545) 794-75-19 ; +7 (545) 813-41-85 ; +7 (545) 813-49-03,,Москва/МО
Резком,Напольные покрытия,https://rezcom.ru,+7 (495) 642-41-11 ; +7 (800) 775-31-09 ; +7 (590) 221-97-52,info@rezcom.ru,Москва/МО
Хантсман-НМГ (Daltosport),Напольные покрытия,https://huntsman-nmg.com,+7 (484) 399-34-44 ; +7 (974) 276-04-76,obninsk_info@huntsman-nmg.com,Москва/МО
Prof-LED,Освещение для залов,https://prof-led.ru,+7 (495) 320-44-44 ; +7 (800) 777-96-16 ; +7 (574) 258-52-21,zakaz@prof-led.ru,Москва/МО
Twin Light,Освещение для залов,https://twinlight.ru,+7 (921) 864-23-20 ; +7 (495) 108-49-70 ; +7 (800) 777-72-38,info@twinlight.ru ; mail@domen.com,Москва/МО
Интерлайт,Освещение для залов,https://interlight.ru,+7 (495) 225-32-74 ; +7 (495) 514-13-23 ; +7 (221) 513-21-36,mail@interlight.ru ; svet@interlight.ru,Москва/МО
Локус Лайт,Освещение для залов,https://locus-light.ru,+7 (495) 589-66-95,info@locus-light.ru,Москва/МО
Card-online,Пластиковые клубные карты,https://card-online.ru,+7 (495) 380-42-43 ; +7 (800) 333-54-31 ; +7 (985) 107-16-40,zakaz@card-online.ru ; Rating@Mail.ru,Москва/МО
PlastikKarta,Пластиковые клубные карты,https://plastikkarta.ru,+7 (499) 922-42-41 ; +7 (906) 761-82-82 ; +7 (906) 761-82-81,info@plastikkarta.ru,Москва/МО
headup,Пластиковые клубные карты,https://headup.ru,+7 (495) 660-38-05,info@headup.ru,Москва/МО
Ас Принт,Пластиковые клубные карты,https://asprintcard.ru,+7 (495) 963-62-63,info@asprintcard.ru,Москва/МО
МосКард,Пластиковые клубные карты,https://moskard.ru,+7 (495) 545-56-06 ; +7 (964) 624-14-00 ; +7 (909) 924-14-00,info@moskard.ru,Москва/МО
2П Строй,Проектирование/строительство клубов,https://dvapstroi.ru,+7 (901) 420-36-86 ; +7 (903) 717-36-86,dvapstroi@yandex.ru,Москва/МО
Fitness Development,Проектирование/строительство клубов,https://fitnessdevelopment.ru,+7 (495) 374-58-11 ; +7 (906) 799-96-96 ; +7 (495) 524-88-88,bigfit@yandex.ru,Москва/МО
ГК Лидер,Проектирование/строительство клубов,https://l-gk.ru,+7 (495) 127-72-25,zakaz@l-gk.ru,Москва/МО
СЕАН,Проектирование/строительство клубов,https://sea-n.com,+7 (901) 403-18-85,corp@group-sean.ru,Москва/МО
СК Созидание,Проектирование/строительство клубов,https://sk-sozidanie.ru,+7 (894) 724-56-44 ; +7 (495) 978-57-77,sales@sk-sozidanie.ru ; pochta@sk-sozidanie.ru,Москва/МО
Skudov.net,СКУД/турникеты,https://skudov.net,+7 (495) 987-33-89,info@skudov.net,Москва/МО
СКУД-ПРО,СКУД/турникеты,https://pro-skud.ru,+7 (495) 018-21-29 ; +7 (303) 919-26-19 ; +7 (915) 294-66-49,tkp@skud-pro.ru,Москва/МО
Технологии Успеха,СКУД/турникеты,https://tech-success.ru,+7 (800) 700-82-78,order@tech-success.ru,Москва/МО
ЮНИВЕРС-СОФТ,СКУД/турникеты,https://universe-soft.ru,+7 (363) 633-88-00 ; +7 (363) 633-11-81,manager@universe-soft.ru ; support@universe-soft.ru,Москва/МО
Арт-Хамам,Сауны/хамам под ключ,https://art-hamam.com,+7 (800) 201-05-84,info@art-hamam.com,Москва/МО
БиЭндСи СПА,Сауны/хамам под ключ,https://spabuild.ru,+7 (703) 620-94-81 ; +7 (980) 215-52-23 ; +7 (980) 215-51-66,3354122@gmail.com,Москва/МО
Хамам Люкс,Сауны/хамам под ключ,https://hamam-lux.ru,+7 (499) 341-01-31 ; +7 (926) 513-56-26 ; +7 (926) 025-55-49,hamam-luxxx@yandex.ru,Москва/МО
Непарим,Сауны/хамам/бассейны под ключ,https://neparim.ru,+7 (495) 920-80-50 ; +7 (916) 208-31-00,info@neparim.ru,Москва/МО
All4gym,Свободные веса (производитель),https://all4gym.ru,+7 (495) 777-39-08 ; +7 (812) 602-75-22 ; +7 (800) 350-07-82,info@all4gym.ru,Москва/МО
Barbell Atlet,Свободные веса (производитель),https://barbellatlet.ru,+7 (895) 304-87-05 ; +7 (744) 128-52-21 ; +7 (252) 001-74-14,info@barbellatlet.ru,Москва/МО
Profigym,Свободные веса (производитель),https://profi-gym.ru,+7 (495) 969-38-62 ; +7 (800) 350-33-01 ; +7 (962) 484-33-67,info@profigym.ru,Москва/МО
Атлант-Спорт,Свободные веса (производитель),https://atlant-sport.ru,+7 (800) 550-33-67 ; +7 (361) 085-01-00 ; +7 (679) 949-35-00,atlantsport@yandex.ru,Москва/МО
Кокленков (гантели Атлант),Свободные веса (производитель),https://koklenkov.ru,+7 (333) 031-64-31,koklenkov.ru@yandex.ru,Москва/МО
Fire-Sun,Солярии,https://fire-sun.ru,+7 (800) 100-78-38 ; +7 (495) 128-03-70,info@fire-sun.ru,Москва/МО
Profi-Market,Солярии,https://profi-market.ru,+7 (495) 109-57-16 ; +7 (495) 661-40-87 ; +7 (926) 919-57-16,welcome@profi-market.ru,Москва/МО
Zagar-shop,Солярии,https://zagar-shop.ru,+7 (929) 671-14-54 ; +7 (929) 677-14-54 ; +7 (495) 661-14-54,info@zagar-shop.ru,Москва/МО
Солана,Солярии,https://solana.ru,+7 (495) 980-71-93 ; +7 (962) 067-25-70 ; +7 (909) 641-59-77,sales@solana.ru ; nsk@solana.ru,Москва/МО
Barssport,Спортивная форма/одежда,https://barssport-factory.ru,+7 (800) 500-79-90 ; +7 (499) 490-09-15 ; +7 (991) 392-61-29,Rating@Mail.ru ; groupbars@yandex.ru,Москва/МО
CleverCut,Спортивная форма/одежда,https://clevercut.ru,+7 (977) 147-59-55 ; +7 (904) 914-93-52 ; +7 (977) 999-85-09,clevercut@internet.ru,Москва/МО
Флоренс,Спортивная форма/одежда,https://florens.group,+7 (499) 350-47-20,info@florensgroup.ru,Москва/МО
Швейная фабрика,Спортивная форма/одежда,https://shveynaya.ru,+7 (995) 793-27-01 ; +7 (111) 336-14-40 ; +7 (495) 190-80-18,info@shveynaya.ru,Москва/МО
4mass,Спортпит опт,https://4mass.ru,+7 (821) 511-75-81 ; +7 (968) 760-00-12,,Москва/МО
FitAtletik,Спортпит опт,https://fitatletik-sport.ru,+7 (545) 794-75-19 ; +7 (545) 813-41-85 ; +7 (545) 813-49-03,,Москва/МО
Optstrong,Спортпит опт,https://optstrong.ru,+7 (901) 332-05-56,opt@realstrong.ru ; info@optstrong.ru,Москва/МО
SportFood,Спортпит опт,https://sportfood40.ru,+7 (499) 399-31-60 ; +7 (926) 811-27-56 ; +7 (800) 444-40-61,info@sportfood40.ru ; Rating@Mail.ru,Москва/МО
Академия-Т,Спортпит опт,https://ac-t.ru,+7 (150) 812-34-63,info@ac-t.ru,Москва/МО
LifeTren,Тренажёры/оборудование,https://lifetren.pro,+7 (495) 127-78-48 ; +7 (925) 232-34-99,info@lifetren.pro,Москва/МО
Proftren,Тренажёры/оборудование,https://proftren.ru,+7 (499) 500-38-85 ; +7 (495) 374-74-30,info@proftren.ru,Москва/МО
VivaSport,Тренажёры/оборудование,https://vivasport.ru,+7 (800) 500-71-99 ; +7 (495) 846-66-01 ; +7 (495) 374-74-30,opt@vivasport.ru ; retail@vivasport.ru,Москва/МО
ПРОФИФИТ,Тренажёры/оборудование,https://profi.fit,+7 (818) 392-10-03 ; +7 (495) 109-22-82,info@profi.fit ; zakaz@profi.fit,Москва/МО
СпортРес,Тренажёры/оборудование,https://sportres.ru,+7 (800) 100-33-47 ; +7 (395) 184-28-39 ; +7 (396) 051-27-39,sale@sportres.ru ; b2b@sportres.ru,Москва/МО
ВКН Системы,Шкафчики/мебель для раздевалок,https://kpshka.ru,+7 (966) 978-71-41 ; +7 (872) 600-00-30,support@kpshka.ru ; e.ondar@tikopr.sbras.ru,Москва/МО
КомплектФит,Шкафчики/мебель для раздевалок,https://komplektfit.ru,+7 (495) 211-89-19,info@komplektfit.ru,Москва/МО
Мебель-Фитнес,Шкафчики/мебель для раздевалок,https://mebel-fitnes.ru,+7 (495) 150-21-04,info@mebel-fitnes.ru,Москва/МО
ШкафКупе,Шкафчики/мебель для раздевалок,https://shkaffkupe.ru,+7 (495) 151-80-12 ; +7 (980) 436-81-00 ; +7 (968) 593-55-50,mm2209118@yandex.ru,Москва/МО
